Wavenumber,COMP1,COMP2,COMP3,COMP4
1799.427734,12164.537201561161,2200456533.2821937,175750504824.87073,405.75643619777503
1797.845703,11695.08267958034,2240161768.4180994,177694730515.75052,394.21311097743904
1796.263672,11513.892657529432,2277229377.439791,180323372443.23254,380.77566587690933
1794.679688,11914.167575607473,2331365141.8013563,183692056449.97665,388.82528564276373
1793.095703,12600.083788804739,2389328374.6530147,187294131572.53183,402.6227946081495
1791.511719,13338.366852645442,2388098810.0887184,190819850763.30252,409.25028877197786
1789.927734,13910.550204875832,2446615525.6220307,193709795856.8142,412.5210716504972
1788.34375,13992.978347754803,2434875480.236443,195265593816.67166,412.00637953913645
1786.759766,13800.69287494378,2416896796.1366496,195781590151.3087,408.6264490719269
1785.173828,13523.15106276557,2399457053.3650584,195682166658.4427,405.1247732767351
1783.587891,13253.870513523432,2386219558.304901,194758951453.19333,401.3077555565694
1782.001953,13169.714790414324,2389075088.331987,192613707039.9508,397.4642336741735
1780.416016,13131.362932565838,2401820152.3778157,190352919455.4245,394.4351363283381
1778.830078,13033.369242050761,2418453336.570795,187515037891.71515,392.1729195981861
1777.244141,12764.74773308355,2435273826.749953,184901035094.82443,392.6288791842139
1775.65625,12156.99816761939,2445613731.0340858,183045652659.52667,398.04361639083294
1774.068359,11421.04890857333,2456496510.5828886,181805817434.1894,406.30475610874936
1772.480469,10725.206859812244,2472916424.9376664,181167544321.94437,415.49746448122715
1770.892578,10238.744225400582,2502099807.1066046,180910809679.24194,424.9209660147024
1769.304688,10204.761875325552,2553000263.7927356,180753749166.62918,432.9466587829789
1767.716797,10436.524037490402,2616676593.907171,181091664403.40573,440.10810834704733
1766.126953,10751.365873479135,2688509601.2376957,181870502081.9918,447.96757631047825
1764.537109,11088.221063494277,2754093765.568835,184170949816.22336,453.92045530010745
1762.947266,11311.356468411996,2796301155.876305,189225182758.8329,455.71822579804626
1761.357422,11481.965236599739,2831192454.1342993,195298065025.30173,456.3317290784091
1759.767578,11686.084751800321,2865179654.4264936,201308034027.7464,456.50581862062853
1758.175781,11873.12811346062,2923077639.6787877,205268409229.32733,461.8095055786969
1756.585938,12024.325420986845,3036703256.383877,204592964211.15225,479.00570248784265
1754.994141,12151.514872639407,3167882079.815355,201531658351.0665,500.5344204552416
1753.402344,12229.329710489874,3289525289.9869366,197943001528.094,521.0931747511939
1751.810547,12332.342915257048,3367922979.516818,195266668206.3159,533.9824784923668
1750.21875,12540.366782038222,3354825540.085514,195774234972.84885,529.6761294983417
1748.625,12758.391105863973,3292435559.562001,197875146424.4563,516.2950397204414
1747.033203,12945.94715758929,3222378467.189024,200131095265.93552,501.44504810896774
1745.439453,12964.15416271257,3156037540.4532213,201789373190.73135,488.26932894856526
1743.845703,12642.53789245757,3121187121.1705146,201501684396.15335,482.9641625903342
1742.251953,12163.899153043772,3109158320.1541877,200401342029.6472,482.4531916914761
1740.65625,11651.215906687123,3098350370.2145305,199322890157.4255,482.49465732928104
1739.0625,11294.01535620986,3116665606.6676197,199364247201.8466,484.8886387072283
1737.466797,11345.05390817085,3187513813.3304276,202028227791.80386,490.17122432758805
1735.871094,11590.066208614386,3278726863.838076,205685891898.34207,496.71916121690134
1734.275391,11874.116235368369,3374899997.9611483,209307580488.09262,503.9152603124071
1732.679688,12013.229873731407,3432111898.9975166,210992315996.87592,509.5488425177422
1731.083984,11738.391739207791,3394919562.8870316,208259752639.03333,510.8001591870546
1729.486328,11303.531911887823,3312637273.008868,203560386933.42813,509.3276348208234
1727.890625,10908.521114979983,3223460877.1394477,198632357982.30463,507.11695333003644
1726.292969,10734.104578046528,3162147451.5831046,195754170713.63342,503.3002422185687
1724.695313,11061.276302875303,3182248772.611747,198131542950.12595,497.71998381822954
1723.097656,11636.002911220112,3241984176.7030187,202904318451.62445,491.6823498323572
1721.498047,12213.08979586965,3303124866.6457925,207765589772.33478,485.2333400847374
1719.900391,12705.625858473766,3347734681.633994,210823971010.0441,481.6077795236446
1718.300781,12929.153031888618,3343387988.092631,209049535594.0793,484.5416050686792
1716.701172,12978.321227663391,3314187139.534324,205042406076.87665,490.1986655529695
1715.101563,13008.940171715063,3278183728.4595857,201346890420.20572,495.7976001899079
1713.501953,12911.965149912883,3245345910.770242,198746233420.0632,498.3916580643639
1711.902344,12619.253365742594,3309731072.5763235,199031219089.2848,493.49212161061416
1710.300781,12269.950552660079,3290825905.894436,201247655681.6116,484.7961723614934
1708.701172,11914.4889098573,3341780782.8000154,203845657561.56137,476.25273268320524
1707.099609,11783.48873199064,3380523880.403118,207851831611.76917,468.0658722465302
1705.498047,12153.404565666227,3394441997.921342,213892724317.48004,461.8348241314581
1703.894531,12780.30949157225,3407969446.3918767,220693797928.09946,457.8141700666002
1702.292969,13485.655532695308,3434321779.384542,227833781816.99042,454.73240172325535
1700.689453,14076.073252082337,3487478374.7640104,233180238494.8667,456.004323974402
1699.087891,14269.637716622387,3584497052.4054914,234152706023.5743,465.0183264907934
1697.484375,14296.42027084245,3707701741.380848,233135463879.5589,477.66313905623383
1695.880859,14335.032482616289,3838347042.9861813,231973248925.88248,491.31792743693194
1694.275391,14558.50905267915,3968886035.5844526,232324284142.24536,501.591978780628
1692.671875,15226.515488929132,4085627891.7622466,236729918460.41373,502.7187283194523
1691.066406,16096.221307635067,4190765345.06884,243321918821.69495,498.9810203117637
1689.462891,16981.165268943372,4288640246.7946186,250325131786.81833,493.67166026262436
1687.857422,17678.461492753755,4374413855.738237,257059452310.2066,489.84975620269705
1686.251953,17898.302200427617,4444974732.117119,262132541377.24866,492.272144365099
1684.644531,17900.24043099505,4500846499.77564,266394601693.12695,496.7066105405541
1683.039063,17880.54388270949,4544571753.942454,270668474074.2403,499.9582857228505
1681.431641,18057.937644539306,4570857285.131523,275234347936.9057,498.6746342592242
1679.826172,18750.66977739676,4574792066.648117,280752645317.0568,487.90224111428086
1678.21875,19667.363344498117,4567182325.861907,286351309970.6626,472.64493302738015
1676.611328,20575.91782735369,4554298713.154406,291259362960.12427,457.03592225779795
1675.001953,21265.095014947932,4550677580.633361,294894918466.90643,444.7239352903559
1673.394531,21422.009533191063,4574106209.475151,296362214181.4628,440.99090333391734
1671.785156,21319.168501519875,4610017818.885629,296367159620.6905,441.96308715825006
1670.175781,21179.21647419016,4646733650.1718855,295694881022.9531,444.5067936450315
1668.566406,21216.67757311788,4673271674.349742,294360768636.5295,445.46677797737414
1666.957031,21753.364978611873,4674022522.158219,292711804240.0688,440.3181947015717
1665.347656,22541.49211306228,4658629286.439697,290743542743.2228,432.7710125325783
1663.736328,23405.560118933554,4631478042.255348,288025704089.4898,424.4948138739113
1662.126953,24180.985040494772,4606842548.617908,285616983855.8923,420.82574100802486
1660.515625,24554.570460585343,4603588406.563054,284559489886.3065,428.91234707119366
1658.904297,24952.317827901446,4597575258.413727,283622027626.3109,439.4762543879937
1657.292969,25878.641163584438,4575252509.759324,282313636698.5541,445.6628957708615
1655.679688,27237.074337749265,4508523298.430344,278877256938.47437,440.0106105643014
1654.068359,29073.277520449567,4359540512.241489,270996405029.87805,411.5623221710196
1652.455078,31630.31727013579,4170989656.304203,261328784595.40823,369.8825281607066
1650.841797,34724.32936177317,3981785011.959856,252176721601.11026,325.60118589347115
1649.228516,39288.25688997476,3813553837.7068725,244901083311.80914,279.2954378164589
1647.615234,46363.26239653392,3702037648.2451468,241967014211.1492,234.86918717655993
1646.001953,54467.526329324806,3634433826.47268,241811523419.03165,195.35887545566996
1644.386719,62502.18824206229,3590907019.6218104,242935044589.48703,160.10105433777636
1642.771484,69174.31029547921,3583901122.4889574,246281280690.50848,138.5106422794925
1641.15625,72691.04713646194,3619380062.827303,252489722807.50964,140.5303342085775
1639.541016,74199.97050653439,3683975015.635183,259732213965.09525,157.0394181343388
1637.925781,74864.02056487651,3767469555.4986944,266997614524.0708,180.8395303185802
1636.310547,74846.62434890191,3856956254.345433,271840575272.38745,205.49082059554294
1634.693359,74808.85992236108,3936692817.328814,271301001116.13248,221.20987157733177
1633.076172,74500.93867898894,4003452722.794205,267329197003.22906,232.9233962148975
1631.458984,73444.32671339969,4053485002.6314955,261553513824.73578,245.17721478104315
1629.841797,72150.43175876011,4083349457.0006332,255076261758.2001,258.8900958816395
1628.224609,71023.71898808304,4090252146.0183153,249776176969.6864,277.2194103524832
1626.605469,69721.24276585344,4068503852.5002513,244461525523.98645,296.11707149808564
1624.988281,68165.111487591,4022229236.6495004,238378242698.40625,312.34670787868197
1623.369141,65873.93842130473,3929153087.618242,230472619628.34637,322.42142395701524
1621.75,62201.60128049617,3764818076.716661,219132279815.363,321.52365135420075
1620.130859,57944.71250549813,3567706745.9386115,206778592860.07602,314.49604222162475
1618.509766,53801.83217085786,3365848284.9623566,195257071052.57086,305.32379858056777
1616.890625,50212.43729356424,3195275354.369972,186672143483.01965,297.6880281914364
1615.269531,47869.863108958525,3105221491.1081123,183957524492.12375,297.10517520899907
1613.648438,46516.81463856521,3062866897.211613,184797526858.15814,299.4701197780851
1612.027344,45788.84877902402,3034427858.6699376,186836821868.45242,300.88325157122216
1610.40625,45900.05699711611,3016187489.8529572,189496092510.30008,299.86120276329405
1608.785156,46895.10327508135,2990938290.3974853,191324386526.21768,293.45526614658195
1607.162109,48659.29936800218,2961683930.416583,192553262723.55695,283.4691784385517
1605.541016,51241.050523163816,2938904543.4270353,193885013252.66284,271.5539745707164
1603.917969,54163.642984028564,2905502470.063049,194291155754.8309,258.90434135819015
1602.294922,56918.6796496068,2846629541.9621315,192848781891.3224,247.49573967667908
1600.669922,59863.253937929934,2775296877.8010306,190427435910.1489,235.31228420486283
1599.046875,63026.7619057295,2698322109.8581743,187861849329.42004,221.38633421843747
1597.421875,67051.82915109996,2630860349.506809,185167659586.2397,203.2347875299855
1595.798828,72794.18020670018,2592470287.052408,182770447115.83835,177.25381567659085
1594.173828,78956.4570001436,2568181939.031464,180923504081.60092,148.7248521013742
1592.548828,84495.08491246516,2549659668.021271,179043038356.47675,122.84918888948857
1590.921875,88498.60956859942,2519639440.413884,179312803667.86118,101.34617150614373
1589.296875,89627.42690444761,2454852258.796825,183940500109.86533,87.62738749995044
1587.669922,88715.85374502718,2381499842.580562,190162347407.275,81.64655541750254
1586.042969,86827.64919941568,2316522485.371967,196662059391.64444,80.79382346884067
1584.417969,83712.56566043851,2287156309.4503045,199515936984.6145,90.51542225146837
1582.789063,79435.65301949038,2330534520.9264083,193772292892.14667,116.22227948601855
1581.162109,74640.18463659196,2409632198.0247583,184356570727.26028,149.68931669087456
1579.535156,69625.07282874583,2493184374.043579,174882948406.29715,184.8429551749257
1577.90625,65391.70148598014,2558043224.96577,169374731656.18842,214.55583745478378
1576.277344,63121.35662513348,2567307252.1483035,173728540163.9792,228.87900189290968
1574.648438,62083.17092386504,2545427767.043229,182946183397.55356,233.5825840050936
1573.019531,61545.9213756931,2518764916.97651,192448138537.65622,235.21871510654287
1571.388672,61438.41271625529,2488419704.939913,200061556735.76178,232.78749213662243
1569.759766,61386.59209068393,2465237772.9463325,201736725606.8083,227.72020237776147
1568.128906,61344.26408156044,2446213841.669774,199949340637.94238,221.45742862374973
1566.498047,61423.782681451106,2422980126.816019,197624166717.71384,213.48616554225214
1564.867188,61183.888522422625,2404774699.7263885,194569761530.2308,208.65345751540997
1563.236328,60190.823657187204,2400036274.7709537,191380900686.43927,212.22622544445116
1561.605469,58707.18900168701,2398859479.7859497,188296298148.7476,219.93447084938555
1559.972656,56955.743618548615,2392376672.6087255,185782707095.41714,228.44647209373758
1558.339844,55004.67494007991,2377884780.79715,183162337510.7401,235.34607607905582
1556.707031,53033.6801699379,2349569535.585641,178486456106.587,236.48585518956412
1555.074219,51013.756714004136,2305409065.4042587,175059440969.08682,234.449321361327
1553.441406,48877.576640276486,2248452334.3976507,177340402525.01877,232.31127361240377
1551.806641,46746.47344759013,2167099864.2212515,180508470968.30197,229.64874219628823
1550.173828,44725.61947321531,2048478533.083697,179448866615.84528,225.3948302510205
1548.539063,42767.21307602566,1909578104.7884903,177284468797.9649,219.0560903199568
1546.904297,40807.599864552074,1769485635.8695796,176268188541.12592,229.54414340015964
1545.269531,38908.16627643191,1628091712.5678492,175694562516.78366,212.871675773815
1543.632813,36964.39033551358,1509453533.2854133,175364394392.91565,210.5454328500869
1541.998047,35026.6805288242,1406203093.195561,174942311071.43466,205.57860589055954
1540.361328,33128.97321199326,1308088212.0640616,173922494399.0806,199.11962485354437
1538.724609,31233.24590280417,1231766679.6531243,171682390144.2859,196.83561853183758
1537.087891,29308.631327925574,1194680352.187136,167626737758.8656,203.3517368122144
1535.451172,27408.399389054874,1172911461.1649106,162443536754.45703,213.36207297181952
1533.814453,25568.709072391543,1145309314.5551667,156425582941.0582,223.66342538655522
1532.175781,23845.343909023035,1107886746.6131012,151297995089.69934,228.9224995027394
1530.537109,22295.343914263198,1051407800.4117929,149316815800.71588,222.02908630955227
1528.898438,20876.64700642697,982405331.5349493,149149716304.96774,209.22320567475714
1527.259766,19714.93093102275,909399989.7686241,149304909831.38812,195.22497251452228
1525.621094,18431.612233551525,835454434.9049724,150492719510.456,184.95545117520638
1523.980469,17270.70876339903,767609687.4757909,152934281623.68353,185.75584499091246
1522.341797,16190.357851051152,704595572.0932753,155909751583.1892,191.28249879515664
1520.701172,15274.587388605625,641489072.6286682,159349885811.86,196.27960503193916
1519.060547,14596.372289994253,588395034.9359087,161683624452.86768,196.89209010208347
1517.419922,14254.46345602796,554579483.8133711,161119277228.8603,186.70950914611174
1515.779297,14153.697923475924,529951914.11693513,159300327156.4581,171.43352027393513
1514.136719,14165.374727006949,510008032.688882,157254201229.59503,156.75790026898224
1512.494141,14325.161761801928,480568273.55018324,156576297330.4864,144.2530160432047
1510.851563,14646.164834211126,423758157.6335283,159566891314.631,137.66913611310895
1509.208984,14990.958106675427,356979892.06568044,163984404603.05475,135.23628458632834
1507.566406,15276.549808671152,292191019.1933302,167843977114.7654,133.63354639563528
1505.923828,15344.373847893725,245266759.08589053,170153164991.55756,135.6559042930649
1504.279297,14994.725870525852,238938137.4462663,169056959129.25516,143.40886366365586
1502.634766,14368.094574636485,252383254.17620778,165797152984.45068,153.12312716761775
1500.992188,13632.88773213366,267770177.55263817,162162759269.64868,162.92227749856443
1499.345703,12763.930435738925,274014196.4801323,157334482945.62216,167.9201670527457
1497.701172,11787.078085174378,251988695.91666237,150934738981.74548,161.90674987587596
1496.056641,10813.9353243056,216394303.59925836,144448998195.5518,150.17120353106068
1494.410156,9889.444802290976,184214444.4127599,138441735632.17838,137.45420557892302
1492.763672,9208.30495002203,155096084.48931786,135292664236.50708,126.1072787013286
1491.117188,8998.010890073301,134140975.98364541,137902748936.84753,120.48180623738365
1489.470703,9090.680544657524,124762682.75594261,143671824933.10223,118.61844310389834
1487.824219,9326.365945030173,125600744.30493285,150293767127.11093,117.99845412755803
1486.175781,9665.995777138547,149150830.60745367,156663092075.53,119.82696009548751
1484.529297,9997.06218917672,206625447.8950609,160616911929.78665,124.1643348480798
1482.880859,10341.085297723228,288750675.947787,163170776255.33243,131.0428620199385
1481.232422,10787.053948243376,401615813.0418437,166136159364.59097,141.6474598762206
1479.582031,11205.164955066342,507717971.8645088,167946761904.3897,153.2135705861348
1477.933594,11277.600595601587,608555958.9041831,166868857064.497,163.12698549372894
1476.283203,11577.714973161712,713079889.099351,165423658411.6799,174.07321281411285
1474.634766,11738.883437336122,828401454.0903783,167499301244.17136,185.91803140028355
1472.984375,12098.314786131892,983223730.9758706,175219267209.92374,205.13916972967738
1471.333984,12836.027559266753,1212898041.4996254,162822877963.65015,239.4222374656802
1469.681641,13774.689290377819,1472708228.2407925,191785646055.57715,278.556997023131
1468.03125,14789.469660761155,1730738495.6534503,196667975520.94186,315.8968599948143
1466.378906,15755.54912505034,1944982603.3225884,204502000509.39215,340.9303497824529
1464.726563,16496.28641956096,2058412277.2454033,212688723739.4028,339.49333175679584
1463.074219,17132.833336988482,2115559988.0101478,218916391355.3591,324.07598298123736
1461.421875,17717.314078923126,2154406386.1011486,223456400175.37283,305.94439291294924
1459.769531,18437.008882134636,2201026584.8049483,226931092804.90756,291.18235343088554
1458.115234,19533.106392357287,2298263719.0051293,229581497460.71777,290.2790452917843
1456.460938,20698.419761384757,2414781126.3262286,231115406853.54272,297.95780132634246
1454.808594,21754.316079536853,2524367106.804743,232301861773.95743,308.3862464474386
1453.152344,22343.499869425432,2606379185.897386,230499004357.15662,321.09470642592845
1451.498047,21978.904129419352,2628365149.9586864,223055480430.59958,333.6446642952276
1449.84375,21171.676303382246,2621838450.398598,213966689644.67374,347.45377669860454
1448.1875,20384.874429051793,2607685472.2839613,204634404237.17017,362.01092734892336
1446.53125,19830.48840843745,2619227928.758778,202004319692.94427,382.48402211648374
1444.875,19916.3296010301,2702535403.327132,214465867715.20563,414.80877560470304
1443.21875,20423.45273185398,2806975537.3802166,232808070151.58762,448.63461568323453
1441.5625,20948.480397186053,2892111401.613613,250518629508.43292,478.36205239864705
1439.904297,21817.288286349747,2920724465.861876,259043463357.19302,490.19530749226243
1438.248047,23320.855012727192,2838262523.084125,246748646210.57922,466.59734683177544
1436.589844,24847.38725387319,2686248684.645207,222976388822.0276,424.8925134485657
1434.931641,25952.60279584,2504760488.5347433,195145922697.7576,379.7256646841015
1433.273438,26205.934770169588,2312185529.035436,170426544757.23822,341.57444169432046
1431.613281,24964.520398323835,2141552804.9765334,159344444814.95935,327.3231253978633
1429.955078,22684.170771159956,1979682827.8846912,153664734448.11172,326.8920415353678
1428.294922,20075.19474804168,1818862432.7242002,148227215707.90033,328.8561325998662
1426.634766,16731.775178270662,1646390588.1626992,134304408681.98262,334.29020047873735
1424.974609,12389.285679610406,1441023937.169679,99667262216.48318,340.0543605755083
1423.3125,7990.3886650939985,1243549800.9952276,58801638276.50096,345.9479814911794
1421.652344,4033.4251639741033,1082016484.0716784,22260823016.544502,354.2659441556714
1419.990234,1796.082472383288,997085722.0104302,2820833997.7776203,359.6562079930249
1418.328125,2848.4355420393476,1043672115.7986428,18550198125.935944,357.0155082537004
1416.666016,5913.540962365392,1170629919.0375814,53423381252.77965,350.2000013728222
1415.003906,9816.365045457973,1325564952.183793,92475697632.95709,341.21353551577954
1413.341797,14008.660839759508,1495371361.4940104,128747707038.0926,334.391624684027
1411.677734,17469.83146232233,1647990861.0098896,149331160523.67908,335.41103254251993
1410.015625,20523.17807861689,1781981072.5029988,160386729971.49246,339.41591311525497
1408.351563,23579.46213557247,1913223918.345539,169994760642.23044,343.9213450420437
1406.6875,26408.359984331553,1998317444.709451,175129987414.63724,342.6622383413255
1405.021484,28978.607685746847,1996166302.7246766,175535023347.5599,327.45522838954946
1403.357422,31107.50030380966,1949479201.0354443,172766028929.3009,307.65395624083976
1401.691406,32631.583939491313,1884424160.9269853,166685994210.8946,289.41713809432014
1400.025391,33419.26353633683,1846421985.2210615,160835298503.32422,282.2325576244576
1398.359375,33275.05480007715,1897016748.5242436,159270424429.79,299.1459398708827
1396.693359,32536.43737987903,1987967158.1375241,159840982362.39673,327.6077945438444
1395.027344,31652.9815069247,2080274923.5384324,160922115121.11575,356.6755531465334
1393.359375,30581.71808018592,2145888692.0251486,161843444921.196,379.42216818383804
1391.693359,29346.69038159531,2137344174.9320645,160961307334.4228,384.33448821595323
1390.025391,28418.52513365672,2095319899.0811298,159776627519.64075,378.46273560112394
1388.357422,28024.546026205207,2057817617.3010807,159588411643.59717,369.86625632335597
1386.6875,28789.664223586802,2040576524.6769671,161066199246.797,358.1645692679412
1385.019531,31509.99155258965,2075274072.5965188,165504150498.5843,345.7766667128829
1383.349609,35405.16596813867,2137728773.8093638,171370482977.6948,332.9994818926169
1381.681641,39535.33005159325,2197457616.711417,176881885491.6813,318.95764441501757
1380.011719,44016.56764276588,2259617264.8450923,182020247554.84903,306.1347187240982
1378.339844,48721.09388318163,2320611784.324054,186289446528.45657,296.8558880228404
1376.669922,52929.33538909953,2369434134.2562857,189116822763.5618,290.6401178938512
1375.0,56428.16673898827,2406480477.143438,190765873563.42892,286.868717214373
1373.328125,57857.66450720979,2404852202.7230463,189360181482.54785,286.35132635649813
1371.65625,55645.42252961041,2334898282.2021503,182844143842.74442,289.66321819634015
1369.984375,51284.623076934426,2225128458.5626597,173710010889.04965,295.32081428134825
1368.3125,46096.47013956323,2097441909.8272269,163965331782.6386,301.75881347818984
1366.638672,40868.75468761297,1974020719.9741492,155354995365.98566,308.4241238855824
1364.966797,36912.0778013515,1886959601.7991593,150508554513.9419,314.3515875242174
1363.292969,33811.95852266549,1817979450.5307524,148111541299.27966,318.57218496691905
1361.619141,31017.6522376534,1752785972.446908,146521493806.23178,321.0988844901982
1359.945313,28847.84216793081,1680938691.7297862,146375675094.74066,319.31385365312553
1358.269531,27398.02074418393,1583198230.9143512,147684203751.64978,310.2961319038365
1356.595703,26648.922117949187,1483046522.0274396,149885033955.8041,297.2930896129109
1354.919922,26524.258577285247,1398871931.1258154,153063270031.59384,283.2190292007906
1353.244141,27185.4210168576,1347597035.386269,155537037822.1045,269.64326389875896
1351.568359,28793.37648640691,1355400122.911534,155490165176.4631,259.351064915447
1349.892578,30777.459733387866,1396415128.8461618,154419736212.6308,251.59162299036342
1348.216797,32727.61005947006,1441787785.1961749,153043575369.25314,244.57660860229998
1346.539063,34011.54133067424,1490249616.8057194,153272188282.7855,240.8581870968232
1344.861328,33824.743132393065,1530843066.3642316,157625988192.0801,242.47055151850716
1343.183594,32678.382220825864,1556982555.2888546,163389374436.8828,246.67768973356334
1341.505859,31113.538283276084,1576927683.00797,168715381317.48914,252.39599858808128
1339.828125,29188.289508307127,1554658622.9074383,171047895028.91083,255.10527645005953
1338.148438,27162.629050604446,1453182197.800567,166824591258.73257,249.37627786167872
1336.46875,25104.732185450564,1315932283.72578,159404259995.92734,240.08548614571538
1334.791016,23018.81888346158,1169646519.6346843,151686255695.35294,230.19917447504017
1333.111328,21134.392264915463,1063036974.9901254,145658771695.593,224.89211600781945
1331.429688,19658.016916366363,1060049965.6791265,144504235773.52277,231.29077705232575
1329.75,18642.446296928574,1108353935.1332352,146192928900.0825,242.21455816760164
1328.068359,18119.61665911999,1167842117.7947435,148710459640.5078,252.18053376005184
1326.386719,18186.763344494408,1200385942.2557871,151448827369.02597,255.71880500706055
1324.705078,18935.87274218955,1147444247.093393,152936888782.84467,244.74083122699238
1323.023438,20245.150178150245,1059878735.0636858,154209312197.48233,226.2245412487168
1321.341797,21902.879842166196,979660217.2385823,156156888608.43906,206.66919335946503
1319.658203,23983.425328918984,939149784.9120934,159160779420.18185,189.45560724610033
1317.976563,26556.468174707905,990438909.8448014,164280979567.1798,180.3181223002426
1316.292969,29186.031657594518,1087045464.1640534,169744636999.28223,176.4602993024276
1314.609375,31510.33151965026,1186029994.3504038,173148835730.97913,175.4360219794254
1312.925781,33212.690166568435,1266040509.4796133,175515734835.22952,175.52336861635027
1311.240234,33848.38555071043,1287382894.7879336,176766784849.93814,173.73376032007212
1309.556641,33567.444456265635,1277704879.8943176,175494956652.3853,173.79751353528508
1307.871094,32734.787721634446,1270422387.810301,172135783748.62225,177.37961581261965
1306.185547,30906.455251165815,1259188726.9850907,162018151621.8584,190.03742847580222
1304.5,27708.992724424614,1249645653.7419293,141160836563.5606,218.86218682211538
1302.8125,23885.025535881072,1246431696.6529677,115206100497.7594,254.66101129038768
1301.126953,19874.95474104298,1238096783.793052,85056558764.16225,290.1962655386656
1299.439453,16612.28364994242,1260590256.893204,66067337695.035614,318.2000606845312
1297.751953,15274.052802755725,1351591479.0782166,77077561821.00456,328.2844635763222
1296.064453,14990.669622816496,1465214634.0176694,102565361069.05936,327.3606446385227
1294.376953,15024.765182330435,1575327493.1494637,129500435661.13347,322.5972362884082
1292.6875,14939.734635236717,1629897590.3380597,151904971771.8001,315.2749748923753
1291.0,13943.014898393769,1559036671.1689148,158358057649.8339,309.266262436792
1289.310547,12598.849619780322,1429030736.0059526,156123946442.29825,303.93301571124795
1287.621094,11475.594484078822,1298111233.0506392,153160426031.2531,298.2875814659055
1285.931641,10677.10601602102,1198700430.76793,150225422328.78735,292.90658692360654
1284.240234,10527.895611132839,1188492932.866982,151085479086.96866,287.9877547245781
1282.550781,10776.492495594563,1233596285.242771,153498949036.30167,285.28474138017805
1280.859375,11109.036430400307,1288745763.0799,154482901171.11664,284.67062982079574
1279.167969,11541.348501006758,1372219473.7387147,154609133169.50616,291.5354440233088
1277.476563,11993.342123884346,1488235776.284564,153549566097.02985,311.7867156851382
1275.785156,12458.114279457226,1614078436.0861845,152000117836.70358,337.6570421555092
1274.091797,13009.98988310038,1747554550.3601747,150897875642.03125,364.23147469218605
1272.400391,13492.333978854895,1838754463.652401,150598820346.88226,382.7399844653162
1270.707031,13750.354688058222,1829723687.0687811,151666550369.93222,381.6136620000906
1269.013672,13948.043865667338,1775634292.1021962,153647972531.9664,370.67604216326
1267.318359,14188.094456456323,1717883190.5932426,156067046228.46048,358.09048933278
1265.625,14621.365149404897,1695819009.7972567,158619004577.21744,349.6582362283039
1263.929688,15462.281623770261,1770207663.6230755,160840226345.87915,355.02747519544846
1262.236328,16529.42970509389,1894790118.1870997,162952397665.95416,367.0333423476799
1260.541016,17644.37590982644,2022103975.3402152,165030369030.91263,378.508254157952
1258.845703,18756.19250052261,2145193019.3312507,167459514870.4666,387.8530109304934
1257.148438,19750.301281526048,2239070204.954247,170717146780.12808,390.5919517484335
1255.453125,20645.94936378579,2310844503.3798704,174069290427.37946,389.55528896346846
1253.755859,21491.567082099926,2379493281.4126415,177200043182.82922,388.79044391281354
1252.058594,22222.325449467582,2420439824.961346,178928228782.4792,386.5883923192885
1250.361328,22787.122651611426,2413217926.3445826,177810644011.7083,382.42685060367273
1248.664063,23221.003097308294,2382018796.6581383,175418753583.1859,377.92507485641966
1246.966797,23555.53312320429,2337686179.7076707,172867921753.3997,372.7917873497989
1245.267578,23791.92099419897,2313746103.0744042,171581262092.62817,371.35204891443965
1243.568359,23948.10697356868,2352535261.5040026,173571200563.3636,378.4753204354775
1241.869141,24040.51829272046,2416117201.576465,177142677628.87463,388.9856126282386
1240.169922,24056.69615620874,2476877842.152039,180760304756.89673,399.57802632087856
1238.470703,24074.33139074653,2504521000.066063,183650935861.34735,405.05893990537805
1236.769531,24179.99077135604,2454802811.6457577,184431598212.42987,398.33182769415697
1235.068359,24272.31882386422,2366087834.07593,183920059774.97214,385.6858687809605
1233.369141,24275.069424886686,2269832077.0963726,182994652695.31964,372.33536526688806
1231.666016,24116.89857038528,2192565586.3949237,181827447247.05695,362.24398222185505
1229.964844,23688.556372776024,2174885145.870946,180884213214.81818,361.70266180508725
1228.263672,23071.19231260531,2184332227.2985735,179917679920.08752,366.13040085803806
1226.560547,22364.0752321666,2195149371.8745728,178903171369.03293,371.338769648992
1224.857422,21550.881589208286,2184164003.9223375,177231710473.8708,375.32610867762895
1223.154297,20643.909331124258,2114380260.240294,174144422674.37094,374.16469883745395
1221.451172,19699.42889185349,2022981593.5330637,170941904644.2003,371.1871177970672
1219.748047,18736.953632912933,1942491065.4386423,168394828395.03796,369.6785165326553
1218.042969,17859.50070664268,1892118350.7196426,168037634037.93494,370.5027569448007
1216.337891,17186.895376043154,1905860091.8030484,171913191214.25345,375.931143800699
1214.632813,16631.07150285957,1956274948.2261567,177996428213.14865,383.9288638990933
1212.927734,16113.465644656933,2008272728.7828014,184347632666.65042,391.4031815806698
1211.222656,15607.55827828744,2070371536.9439182,190292959677.46304,399.8448656920488
1209.515625,15050.143747731396,2141388415.6279085,194403698017.41232,410.0805120526116
1207.810547,14474.597833426635,2201812916.6147037,197075255625.10025,419.18909598654216
1206.103516,13938.151116557385,2249922015.536961,199405282476.65033,426.31687253407404
1204.396484,13397.493925399402,2242503123.494013,199897675174.35025,426.24822874647225
1202.6875,12825.199733936193,2129994939.1317806,197231722974.097,412.8174077386882
1200.980469,12284.602207655033,1964027252.5431874,193395970256.52615,392.31549710295667
1199.271484,11806.226896616587,1786399974.7843347,189606981273.32407,369.7246480439288
1197.564453,11500.755128937257,1632106363.7788424,188048624809.36945,349.65415820826706
1195.855469,11485.57618378942,1553978716.4970374,191608189177.03833,338.9140012829069
1194.144531,11696.35637903741,1523991161.042507,198119457872.77887,333.3353277695426
1192.435547,12144.573009444888,1513141736.343127,205569223124.23624,329.0428965588124
1190.724609,12655.630809357846,1518726799.1765873,213258017395.66187,324.54713895852973
1189.015625,13004.159806845435,1526240763.3010108,219609526940.79886,316.69524381015833
1187.304688,13501.44809823116,1544660199.284983,225406945059.2084,308.0378328550592
1185.59375,14352.719418644463,1580243543.0176058,231780229090.9061,300.41767567037084
1183.880859,15814.493310777525,1642009224.4927685,238048226757.41254,296.30900233818875
1182.169922,18274.20112583895,1742647626.0612998,243872063202.01544,299.1224811587334
1180.457031,21308.72043827819,1857956000.418231,249735297951.69897,304.660465259217
1178.744141,24405.349675876318,1972444852.9264574,255613742362.42453,310.2180627864045
1177.03125,27610.912650919086,2055519655.6686373,262568665882.36475,310.9470725754302
1175.318359,30850.665055888654,2068881436.0149326,271863549655.05188,300.4939715839489
1173.605469,33763.11500485686,2045642567.5553265,282120921565.9152,284.9362508754368
1171.890625,36239.18432779603,2011622065.470651,292325383929.21686,268.9842147413871
1170.175781,37622.58561860847,1991739712.90073,301382686190.0631,257.3406805702039
1168.460938,37146.06944714255,2023825547.2241368,307724768862.23035,256.96809987850037
1166.746094,35544.983276837054,2078299937.4586546,312491115794.6492,262.31516149782567
1165.03125,33506.96163160486,2129643680.9090633,316725617992.3245,268.4888739737085
1163.314453,31325.224291039995,2162302991.3452578,320930754997.986,272.5750504424119
1161.597656,29565.623302674572,2150291273.1268516,326049503329.79913,269.6696419835332
1159.880859,28142.45102064666,2115963158.5132213,331476215166.98566,263.43590987859335
1158.164063,26772.036999570813,2077922260.5150669,336652198741.341,257.01262454571753
1156.447266,25960.531949075837,2055480053.2759569,341282779209.7548,253.1078090344834
1154.728516,26151.631678872,2074625448.4655342,344943264493.9783,255.54837142206338
1153.011719,26871.697474048447,2115822600.3253703,348098312506.35974,261.1086864717877
1151.292969,27839.779643759328,2172460844.974213,350843826215.1273,268.62012926803214
1149.574219,28578.822465378827,2210485596.954039,354589639903.87915,272.13558222763254
1147.855469,28398.13541551702,2185752465.5328636,360666544187.4443,264.4181863724251
1146.134766,27867.723908956392,2156134072.5323977,367881061210.7832,254.2844239226724
1144.414063,27586.332332596794,2160538076.835087,376693235817.952,246.56769818622328
1142.695313,27530.274501256303,2252493087.1194806,382872624276.6671,252.2992936858013
1140.974609,27898.9659596725,2508349708.599511,381742625654.9359,285.74748042238
1139.251953,28732.00763533416,2853810827.943277,379387758319.8958,331.8375622386061
1137.53125,29737.49904152473,3211541623.9902577,378609688283.5577,378.73088350708224
1135.810547,31617.178445366193,3567164897.698042,388200078323.4032,414.80666873002224
1134.087891,35106.23370088998,3880384460.158674,419230482485.3363,422.5903408526875
1132.365234,39147.30454916668,4143737473.094116,459857427310.41376,414.4155262405283
1130.642578,43022.172293849995,4378080517.189752,501149624263.98193,403.4952712169725
1128.917969,45724.742455485946,4517480221.129452,533539615118.071,390.2874887469721
1127.195313,45882.58970962539,4495457552.920569,543106585539.4365,379.9118492473632
1125.470703,44522.56379803307,4389012678.942233,540634253956.14923,372.65503694578456
1123.746094,42661.99326963055,4256480459.1738167,536257054063.55975,365.7466114944473
1122.021484,40555.36480616577,4157266307.8855805,533927750534.9399,365.7393035198208
1120.296875,38853.58758655507,4178086261.032411,541795067567.11804,378.99031156091667
1118.570313,37398.332492185335,4271144636.2338095,555005289291.6157,399.75244752033444
1116.845703,35857.297934502974,4383696681.339257,567733688479.6156,423.5245172219486
1115.119141,34626.378690503014,4520938099.132138,580762475883.037,446.89708491930054
1113.392578,34005.1387252605,4668176865.651785,592926096785.8727,464.33035458222827
1111.666016,33777.99235951673,4822279553.493053,604392861686.7218,477.99262435301335
1109.9375,33829.027157982644,4987807633.825366,616219454302.1144,490.63868255099055
1108.210938,33965.89539515186,5146791105.41724,627097865550.6849,500.71682870174294
1106.482422,33897.1866070718,5281115346.910633,635784509870.9054,507.72058209951354
1104.753906,33798.0963151082,5393860875.120721,642930860250.2333,512.2792383288023
1103.025391,33833.532777433145,5489952862.546515,649156631253.8905,514.5072273155174
1101.296875,33991.779349454926,5558576335.2351055,654042057408.8695,515.475499444122
1099.566406,34338.02865655691,5591608716.239043,657509081846.4875,516.4775294628707
1097.835938,34790.755774090496,5599794944.83381,659995955328.3522,517.1293182565491
1096.105469,35209.165803662836,5588236618.276419,661181011973.098,517.1820746855295
1094.375,35673.26097451882,5573235657.455404,662968481423.9058,516.5780737913808
1092.644531,36246.42287178808,5576095915.236522,667458095729.3263,515.1933138712192
1090.912109,36755.14603587983,5578417041.268139,672026173225.2474,513.2997043715023
1089.181641,37117.3687938142,5564671491.190223,675088364311.3179,510.534973622089
1087.449219,37101.70941128145,5528066856.42061,673737270143.5623,508.75499421127927
1085.716797,36416.903316542535,5453594904.259371,664170512069.2461,509.68564154121947
1083.984375,35341.7519923442,5354279355.613612,649862309769.9921,511.1394003600959
1082.25,34140.77848073756,5250224065.457113,633634401237.665,512.9590595940658
1080.515625,32918.150392369804,5129045559.664343,618002424082.2858,509.7060249014893
1078.783203,31879.36659049433,4982970385.5139065,606695720264.6853,495.26441804509255
1077.048828,30984.76309524513,4834063254.0549555,597240583291.044,476.73733274341515
1075.3125,30121.428465959376,4687570372.66818,587758621802.2863,457.7025854469984
1073.578125,29459.48102567199,4586473175.734504,576408307298.4933,447.95731449095746
1071.841797,29146.071710455337,4581368998.215026,560307807238.524,459.85772397641904
1070.107422,29003.389007317946,4618763554.160107,542699566951.60925,480.82324818927583
1068.371094,28910.872132453613,4659256550.625691,525896672890.24945,502.0550203788817
1066.634766,28710.98883156788,4658870028.919607,512980208936.5714,511.9011196472592
1064.896484,28180.204892282032,4553920380.816371,508190640239.9802,494.0561170303285
1063.160156,27456.793494378773,4392949584.164792,507460188823.24695,462.8677669492769
1061.421875,26692.39973122011,4221716539.2582126,507450224648.5456,430.17700157917074
1059.683594,25873.348561278774,4057622297.547186,505318801262.51917,405.2101046804747
1057.945313,25039.609764321394,3936695077.1081896,496694070736.1952,402.6490563121699
1056.207031,24219.63587237906,3838861734.074569,484841756666.767,410.9809819763006
1054.466797,23406.327837084864,3741185175.157151,472868522208.28156,419.5524549944366
1052.726563,22687.212331020626,3645209618.9369864,461917597851.28937,423.48088770076816
1050.988281,22155.264476637072,3543216543.0115333,454406098404.0664,413.34192595072125
1049.246094,21749.642626026864,3443527517.2805624,448696349477.00433,396.32592096077127
1047.505859,21416.250946864686,3357133917.072849,442979276671.87604,380.01998807672476
1045.765625,21136.20940760453,3281544294.4580626,437061441042.35693,365.76273355389185
1044.023438,20869.484032570876,3218077361.203336,430139612029.5672,357.69933753091107
1042.28125,20618.39566609013,3164715403.0950522,422712806014.4545,353.3174424027876
1040.539063,20384.053312455355,3111359275.2360663,415313655695.52106,348.8187184376115
1038.796875,20168.420813002715,3073157796.4310727,408218649690.9213,345.76303645476094
1037.054688,19976.498299862727,3065636789.903727,401931657952.7197,344.8171543031187
1035.310547,19783.682137073403,3061637566.5968585,395782397863.82745,344.0648707775235
1033.566406,19597.80438161926,3046782927.935636,389342851613.30804,342.7336498109354
1031.822266,19343.36953475549,2987572149.891743,381874831580.6637,338.3881601264437
1030.078125,18932.94324287568,2841023627.391207,372380815260.81287,327.90339995830936
1028.333984,18500.716220074297,2650074699.9768496,362059305434.2792,313.795149481485
1026.587891,18153.034141584383,2454547390.6218905,352036719004.11646,298.93945012695593
1024.841797,18002.22564481124,2276716493.2478724,343005555357.70404,283.0674915037138
1023.095703,18188.609523194234,2150047425.2323704,335898326925.20905,266.69624933884865
1021.349609,18647.600007548313,2069570096.5245755,330666571560.3419,251.61682621845313
1019.603516,19337.195502172315,2033658278.3306975,327426952512.79956,238.52490061337508
1017.855469,20151.911871821023,2028170869.2911305,325499074723.1486,230.33630339949312
1016.109375,20976.975914555664,2038194799.4904377,324289587530.8024,230.52665222876647
1014.361328,21886.86338790941,2085183335.7707322,324520486136.2045,236.18772249685696
1012.613281,22792.980514294468,2151866930.5367036,325260498778.9953,244.10151144287076
1010.863281,24068.20957588491,2330282344.52932,330429111959.5038,254.24299871598285
1009.115234,26127.222688814996,2722253431.5809903,344249794584.6943,265.5996976452336
1007.365234,28319.020021830987,3176055885.7646995,360434405091.83453,276.48727285881415
1005.615234,30291.064613792023,3602818301.382553,375699510963.1541,286.51296470583617
1003.865234,31197.999828400825,3819795705.0363517,381588715016.35675,292.1249546625976
1002.115234,29965.99168997324,3590388334.072584,367383441605.8601,289.28135532524425
1000.365234,27636.155820307373,3131550780.2962127,343531468443.7993,281.46128514189087
998.613281,25056.76488260529,2626164222.9419913,318303851663.87494,271.9983730250474
996.861328,22932.01241487707,2203789777.009214,299076416983.4304,261.8968137436023
995.109375,22351.260992053056,2075734662.5169852,297182823337.1689,253.47503954144065
993.357422,22584.423300562437,2105762514.9025972,304271660968.29254,246.72413484790906
991.603516,22907.14820702012,2150183769.8428535,312035360879.5518,240.5398163374957
989.851563,23155.954214341094,2197700012.0923967,318543010299.2198,237.70532608713782
988.097656,22871.762234965474,2181486251.569448,318592533129.212,240.87932329079203
986.34375,22348.180364056123,2135381583.0269098,314836718106.76996,247.2415564750726
984.589844,21934.27157933324,2113693362.5623665,311223827333.9923,254.79965566977808
982.833984,21611.90285918349,2087268992.737076,305844160614.8023,261.20533842713
981.080078,21476.598898483153,2040587065.364967,297851199836.4222,263.06612781972956
979.324219,21441.293679037004,1989006938.5513964,288855572516.7059,262.5330304778712
977.568359,21391.04402722501,1935008257.4546542,279455251133.7243,261.7727112795033
975.8125,21302.262635870935,1899223187.660222,271783618047.01624,261.05212819608107
974.056641,21120.884373942863,1907853077.8067822,268514518220.23718,261.4530049022971
972.298828,20894.649267776225,1941010398.284864,267932318096.90244,262.60384643641623
970.541016,20663.485576172017,1982753933.7783997,268373903694.1471,264.0057865272116
968.783203,20478.158707037357,2022831876.9266043,269626178732.83945,265.72651424681146
967.025391,20410.668516612954,2043626311.3994832,270810771827.95178,267.6666972491868
965.267578,20379.446502281233,2057075425.135306,271972462733.86044,270.2544946308928
963.507813,20324.089686494957,2073646630.4150593,273415278794.8718,273.5143075600625
961.75,20175.64709774995,2099139544.229547,274493832932.77747,278.57532605189664
959.990234,19833.14684025585,2144025108.7082803,274615295632.36838,286.7494809840687
958.230469,19391.116538540242,2196912272.817943,274028006921.70813,296.1545756474523
956.46875,18942.789310950782,2248630954.1862807,273055879895.9746,305.4054089549633
954.708984,18516.45054753959,2289015062.327477,271376313511.9499,312.7951518778461
952.947266,18175.557770564883,2304386620.06367,268805508441.70102,315.95259722556085
951.185547,17901.1683209897,2305716479.07126,265839370206.24487,316.5500310647072
949.423828,17646.021666012944,2299845104.335581,262597756627.29947,316.27644650876977
947.662109,17468.457747732806,2299407684.036195,260135547441.2392,315.38864426239985
945.898438,17417.77199036375,2321622154.5758514,259678009864.78122,314.8615780885013
944.136719,17421.48045346184,2347868224.471405,259994006964.84094,314.3613473478506
942.373047,17437.104323994252,2365417409.159016,260246397055.87085,313.0566494707423
940.609375,17381.754881695368,2356592505.0519176,259275234951.2099,312.0684335061973
938.845703,17146.192957591928,2296827719.001027,255471350113.32727,312.36640036092797
937.080078,16812.88130409645,2209972787.838842,250196651636.95172,312.80432746366137
935.316406,16456.598294789146,2116460339.4236414,244538863503.37512,312.95096957782954
933.550781,16104.528617400683,2031149724.1011095,239423413762.7933,311.1662953087644
931.785156,15819.242375198912,1977411204.4078794,236316521199.43753,305.29350989336456
930.017578,15561.878945475111,1940440147.3477252,233970031958.6936,297.66482195748705
928.251953,15275.180615252564,1905609877.4220746,231261652274.91113,290.2904015688126
926.484375,14995.587615676615,1868754383.5141509,227625828780.3606,284.2976233378479
924.71875,14743.63355852301,1819947751.098379,222009930617.76743,281.7440192195812
922.951172,14480.204139743744,1766327164.909563,215266357545.90125,281.3830696508176
921.181641,14206.20001600635,1713745118.3619318,208376482844.3184,281.21031439798395
919.414063,13831.598638649975,1668432720.7239368,201378149892.4118,282.7614374505602
917.644531,13248.72799293473,1638852680.3669593,194585455495.95465,286.982775209094
915.876953,12585.665876048284,1614939350.1566327,188172519840.23337,291.7858843153869
914.107422,11939.740658893614,1592231644.2700293,182115541058.6595,296.8646785944292
912.335938,11404.742327480013,1553574415.8066812,176797771493.94156,297.56539294968513
910.566406,11124.082743816265,1478726416.0646067,172699509705.21136,288.6175406093115
908.796875,10992.065052939426,1389926220.5355327,169419898998.69324,275.51498377393926
907.025391,10883.662484435165,1299566771.9924948,166280541471.86093,261.52680923608966
905.253906,10823.824639969875,1237019534.4166794,163971110657.15472,253.04775184691448
903.482422,10793.667692919356,1239072557.348071,162969786626.0838,258.41311925910634
901.708984,10750.001855616463,1270269733.6135757,162222703546.9345,269.94312972705876
899.9375,10719.295587621198,1308380538.9818187,161706510275.82013,282.27606078788165
898.164063,10531.50104745716,1314196713.966082,158743697567.7195,288.31586168389015
896.390625,10005.621074350205,1235381708.451071,150309003598.8897,278.07896813716616
894.617188,9344.91258150416,1122723785.145135,139906924821.24457,260.78204499733954
892.84375,8671.371021083809,1012208439.7566373,129665143519.74414,243.50453221572764
891.068359,8216.8001348096,949793351.1133817,123584794415.36908,233.3647504931109
889.292969,8282.799081491936,1000640709.0712882,126895142974.88322,241.00713122282744
887.517578,8607.682274847795,1104409141.8575346,134856513298.50992,256.96050304647923
885.742188,9000.479051007405,1211537585.4221227,143873295177.14642,272.96661652219257
883.966797,9237.301424553041,1281987876.7801476,150151312783.7759,283.7570809010296
882.189453,8998.3938298713,1253142482.423767,148158043436.33932,280.49322722958954
880.414063,8562.59067264585,1174307059.4180195,142428366269.43863,269.761100577062
878.636719,8133.1529611130245,1092024339.2894735,136561506223.28078,258.2727534139621
876.859375,7952.966682199626,1026286023.5695488,133805383882.51468,247.71798928931517
875.080078,8369.687534364904,1015724965.1471555,139146702271.29453,242.32071284187788
873.302734,9046.85278722377,1035084067.5410957,148023485738.86752,239.84640352950615
871.523438,9731.239090478895,1058086059.3941365,156780159961.23035,237.44762419586488
869.744141,10138.451515132676,1078634479.2748978,162055219464.80142,235.69060309325917
867.964844,9859.620991380367,1080414069.196423,158774040920.63608,234.11573561777223
866.185547,9260.706516231363,1077198157.3994486,151464175571.87964,233.2715247675782
864.404297,8641.3176882394,1081419761.0653052,143982379985.5758,234.051224852992
862.625,8250.902528235898,1101401356.3091629,139152797927.6572,236.11067451280528
860.84375,8478.47751776567,1151306117.3854623,141524615234.53824,239.3765836747511
859.0625,9004.64194243461,1213978493.0580254,147457897903.1491,243.62323813962564
857.279297,9540.746539146465,1273358980.6068857,153508998175.58725,247.98168772986753
855.498047,9932.637310579943,1320640176.5157058,158202249723.82495,253.5561180293825
853.714844,9903.303310422432,1341109522.3951278,158674839786.24448,261.4089398934992
851.931641,9663.883857830622,1342687519.7111118,156913494612.37952,269.4633503487981
850.148438,9429.263023649397,1336974791.3813262,155056346718.72586,276.88637019260705
848.365234,9259.296192851898,1319104776.6900616,153481010258.1743,280.3563689744274
846.580078,9293.000361019842,1286950778.6242073,153301511001.07755,275.85751923900983
844.796875,9445.315128443082,1250182176.4131582,153871457365.46518,267.56831700727247
843.011719,9618.693589107652,1215653842.4460897,154534757357.71786,258.66249043146865
841.226563,9801.757757501338,1192202888.9609644,154902375269.2512,252.59057587067184
839.439453,9949.874677776355,1191408966.2512941,154360471691.54068,254.2043756109142
837.654297,10099.455253846896,1209409512.4774265,153719240857.5585,260.11013745269986
835.867188,10276.15107378806,1238986573.1601968,153275127762.23956,267.55014196703274
834.080078,10524.722660230802,1287131509.096738,154604513544.73904,274.1379196004005
832.292969,10905.496021052302,1359368517.7406216,159531444616.7371,276.25540863521525
830.505859,11331.697420158409,1443353129.161522,165916198924.63284,276.96829278539366
828.71875,11744.830354922167,1529525881.9682815,172579883701.38983,277.9367029390725
826.929688,12052.033994304673,1607472896.1879263,176685027184.1829,283.17975186693667
825.140625,12128.671298229287,1662921054.8684413,174647352729.23502,297.93442604513416
823.351563,12087.915914242445,1701053286.6478534,169939925678.88126,315.8733470467625
821.5625,12032.093006604817,1730008701.9285834,164939749568.2409,332.8752032887796
819.771484,12014.899692668576,1743305389.3712373,162981943889.2605,342.2241283050169
817.982422,12130.855883022075,1736718319.2444391,168694504898.9712,334.84028899075173
816.191406,12331.148051211188,1719438784.292659,177853173778.80762,319.3353220222205
814.400391,12554.949476142421,1697769796.8854785,187161877173.24365,303.04748321951865
812.609375,12813.096321210276,1680615790.1103876,193461623741.0552,291.02531239747924
810.816406,13098.161357817009,1680197761.6590858,192001459065.8556,291.5491613358969
809.023438,13396.025198584242,1690350359.982862,186821803063.75125,299.09279265415677
807.232422,13690.20816306472,1702394523.3620498,181409441288.0131,307.5863683934514
805.439453,13983.09643363188,1721992528.3830924,178077344144.51535,316.8857608078431
803.644531,14277.773216410444,1752210499.2051003,180686237123.99826,324.66721743468025
801.851563,14527.867987047232,1784681827.542238,186164720465.7558,331.2296077789231
800.056641,14708.05442211738,1816252150.4941232,191579003740.45056,338.03639481999494
798.261719,14759.015974502994,1833014779.7376292,195719110078.36145,342.77442032580024
796.466797,14605.16918573933,1818116776.7496066,196198749962.9894,343.3610561061054
794.671875,14324.453531497375,1786677173.3349316,194706415283.0012,341.46593873374457
792.876953,14003.97285763351,1751082831.7370725,193044417526.8067,338.2454019790581
791.080078,13649.829288786244,1720211096.5163562,191540968095.88004,334.78691200497406
789.283203,13297.19383920269,1708990905.1132014,191210879533.93683,332.83812465107314
787.486328,12986.104251394794,1707725927.3757718,191351992001.89462,331.5026154945136
785.689453,12712.469230652274,1705452615.7896223,191101442079.87604,329.8194551150411
783.890625,12606.481424297512,1704267676.7660592,190562467676.07928,328.00620196121076
782.09375,12799.771330985408,1701574380.6808817,189505382418.20352,325.8782103564918
780.294922,13178.570933817993,1697939713.8650532,188168152216.43848,323.5969197266004
778.496094,13694.823059142676,1700054053.1649914,187128427677.1573,321.53649974253966
776.697266,14176.53305515527,1694280731.9688048,185765138460.8359,319.35106446505614
774.896484,14396.603915600797,1667076214.217511,183537749418.76364,316.7553374412895
773.095703,14592.096572926477,1636556210.6170754,181336135858.34055,314.0902815123816
771.296875,14930.959748171206,1610303256.581686,179382178119.04755,311.3883229863392
769.494141,15586.866835905888,1614418494.6543574,179278131286.12836,309.3397430968846
767.693359,16833.15116013251,1682308933.0205371,182988087675.73013,308.77836116865933
765.892578,18382.324447084546,1777392623.6160538,188223099073.40707,308.7285089971265
764.089844,19908.96386676673,1869464086.900966,193186769875.7237,308.5399742052181
762.287109,21400.14607122388,1935174308.6413653,196210920307.05933,307.3274664069555
760.484375,22753.885021470633,1938278819.581011,194824057195.69794,303.8065684752405
758.681641,23837.32995623264,1901186238.165111,190686272194.37637,299.2026989157912
756.876953,24650.867571849805,1849631974.1159527,185592160682.56448,294.78466920946056
755.074219,24864.696195543765,1782166177.421999,179687212990.36084,290.7559621519987
753.269531,24116.664691566504,1706201493.376274,173739562828.77042,287.7834679222656
751.464844,22772.066852781707,1625888957.6526444,167842474173.08893,285.9101240741672
749.660156,21145.516051819443,1540963344.9869733,161863565461.9128,284.64325050826267
747.853516,19452.02189148064,1463338601.5523837,156359165732.7551,285.2917323350389
746.046875,18037.583914493247,1404861480.0897014,151850401096.83737,289.04612072215104
744.242188,16790.222009823876,1362620169.924984,148330756575.27075,294.51549448942507
742.433594,15558.86547694743,1334492876.5440154,145589979602.7989,301.1459494452527
740.626953,14455.955811784,1319798724.5258243,144246075278.65573,306.55273352110476
738.820313,13527.61457902582,1316553964.1897845,144884282025.46518,307.9397023802311
737.011719,12755.612629112413,1324941007.6390605,146556770708.90585,307.86222198070186
735.203125,12160.82443590034,1340563387.3744593,148617421002.29156,307.53161881075243
733.394531,11668.374547760715,1372811316.5850809,150059614520.44553,310.5161591378591
731.585938,11189.839081830763,1431107584.195585,149546320650.96933,321.3737992745742
729.775391,10789.735711325096,1496674374.4737294,148001366882.3225,335.06616154201333
727.966797,10491.946030530762,1561256093.8095303,146317687807.0143,348.2828116101973
726.15625,10371.329518485185,1594520332.901249,144726381408.34753,355.87350185450543
724.345703,10528.781331363654,1560033707.9842842,143822332714.53653,350.8315379242672
722.533203,10823.242500508735,1493750227.0718298,143381500530.43155,339.72901834823557
720.722656,11153.144612435843,1421349431.0396583,143086564749.39996,327.9567414251086
718.910156,11383.094374532917,1374973215.4526412,143118673547.7793,319.8731860495612
717.097656,11329.489055671118,1400240540.4945588,143539434933.60858,322.31341905047896
715.285156,11135.35506227434,1459632963.244076,144389620881.86838,330.18843013049127
713.472656,10929.50180034248,1521826763.5452054,145738813617.8235,338.55132061577615
711.658203,10776.426622674531,1564794780.711261,147573732472.24094,345.865632725187
709.84375,10798.223719291702,1551872444.9327528,149911772728.34048,348.5559750398725
708.03125,10915.661518769795,1513316337.168593,152648333052.86618,348.91962037834577
706.214844,11039.1405490909,1477528423.859961,155560718800.52866,349.81257947751436
704.400391,11173.952549764572,1457029661.2041726,158863246530.46353,350.66797000027503
702.585938,11294.446290540689,1475951220.8273623,162721127455.14465,351.87975548108784
700.769531,11408.035099245262,1516802450.2698863,166725770238.6949,353.5273904217383
698.953125,11539.621215079258,1560243149.3049085,170825635675.73566,354.7876941810683
697.136719,11662.723226640112,1604601317.7958615,174068498133.60004,357.4043741909541
695.318359,11750.60406395327,1641176280.6105366,175371348836.10175,363.13672807382784
693.501953,11833.553483198064,1673700772.1102412,175945981766.26816,369.9055365978566
691.683594,11940.25217028705,1709819247.7615483,176536007299.09378,376.61030357728987
689.865234,12066.356042210986,1742676416.7341912,178483603796.36017,380.7529715354165
688.046875,12222.408368542168,1767129485.7571695,183584153838.6869,379.0708749425856
686.228516,12410.215187053744,1789432598.9479992,190173844992.9224,374.6650421975755
684.408203,12591.290462391682,1811629315.4632206,196907767147.4402,370.026943138736
682.587891,12856.936676828345,1843172567.9718907,202674538472.92682,367.2627132357843
680.767578,13301.082216049626,1895931616.0682313,205734053334.02994,369.61279332336386
678.947266,13778.00256448713,1958114468.481051,207404854051.09695,374.7383709853439
677.126953,14208.313971390875,2020529114.9196842,208948613951.75528,380.422058904566
675.304688,14404.978409268302,2074796295.3195708,210793184691.86832,385.8151571012804
673.482422,14133.586645831554,2108507936.3582056,213915518605.78885,389.1264149755229
671.660156,13610.91738371777,2130392036.2123442,217635064171.14713,391.5946880690849
669.837891,13007.301750249435,2148357575.0248103,221086642354.21985,394.49577513124984
668.015625,12492.17253835088,2166963836.0653253,224539794570.15814,398.0234387182502
666.191406,12308.28236804575,2193833036.1061606,227946128948.23953,402.95452676318973
664.367188,12291.122311356568,2223841410.2542734,231178392190.40787,408.4120161357288
662.542969,12324.479968621272,2254250923.9733596,234631209258.07507,413.2083133209141
660.71875,12259.827867648668,2277991499.6357484,237127178221.85632,417.76335423437615
658.894531,11882.694197451856,2285966472.210304,237466297744.5621,422.14020931450665
657.068359,11426.613721889848,2290161773.2762814,237181588489.25134,425.7631882062595
655.242188,11033.63586711189,2297023067.5849032,236939994381.71,429.0951311764597
653.416016,10972.183019706365,2322674685.9968147,239017257022.53867,429.77042969827005
651.589844,11600.869213753876,2387540644.9737267,246262802761.3302,425.1615956415861
649.761719,12533.777036486163,2470303316.2352734,255709210875.89627,418.76017777666004
647.935547,13467.728466655233,2554957966.3249793,265177668495.29614,412.8070289204777
646.107422,14113.335623684708,2623597501.0008583,272207456290.07108,410.82479352316875
644.279297,14037.092586734272,2650797076.1679516,273234776300.59656,417.7075135551199
642.449219,13575.18084424102,2656377285.54941,271193958416.65915,429.1126967587751
640.621094,13067.502087034241,2657274702.801337,268786027223.68634,440.7397930841921
638.791016,12590.03477559499,2665417606.2863326,267270340968.84647,451.6322442872713
636.960938,12347.765682041307,2700026284.412134,269016852741.43448,459.1257548310987
635.130859,12272.891541395884,2746698912.608232,272620312022.02927,463.853436916488
633.300781,12230.4386111448,2794583369.531575,276484901176.4496,468.1406307270054
631.470703,12351.23266161952,2831636553.156854,280670726740.5751,468.22607670733936
629.638672,12732.217050443247,2840252867.8694286,284650039005.50494,460.73131426532603
627.806641,13259.770107412218,2839718103.9298825,288726897357.2754,450.3193576340351
625.974609,13872.381298921864,2843158878.971838,293393861899.88586,439.3161849445594
624.140625,14442.191394497124,2870781331.4220862,298449348108.2226,434.10014877105436
622.308594,14800.287555096682,2949477181.008083,303797813887.33026,442.6280879278346
620.474609,15058.117729055455,3053314616.283831,309432020861.02057,457.8306740521753
618.640625,15308.648635874873,3162985778.2965336,315291483631.441,474.5693486601843
616.806641,15598.025296100599,3255566999.2610507,321291262642.4149,486.93969283891795
614.972656,16020.032804051198,3298709905.3350244,327368399796.9224,486.35627862817137
613.136719,16491.881655625406,3319411825.5245495,333520768805.9195,480.10090152070273
611.300781,16932.201476137667,3338390533.1717443,339631893133.5388,473.98022196880464
609.464844,17317.66697450874,3376217568.9851737,345949293532.5008,472.9182894441794
607.628906,17592.649131145117,3464108460.421114,352745170804.092,484.7217401786845
605.792969,17799.048243629546,3572688769.1714344,359524924996.0261,502.24170910311636
603.955078,17998.26764970133,3677710665.3191276,366003010451.4599,519.0210581600411
602.117188,18163.340680220554,3759654801.622803,371567392605.3718,531.5303998750677
600.279297,18283.969070123832,3788029071.3340087,375457212765.60693,533.5417632637323
598.441406,18402.29508295491,3788284306.7998157,378349002133.39,529.4897206764607
596.603516,18521.11306012004,3784393597.9415207,380778374303.14185,524.4368062383109
594.763672,18736.71008460274,3787365063.6375914,383276261065.6008,518.373248785721
592.923828,19159.85824308603,3817756153.5213094,386604842540.5095,513.0194098394163
591.083984,19671.35598978718,3862803929.7303433,390255522910.9255,508.5509160977639
589.244141,20186.259634834194,3908531819.1331143,393889158213.2088,503.879452522263
587.402344,20601.252369590595,3953788247.0608473,397011157448.18854,501.746225284443
585.5625,20768.316526056304,3991912222.026149,398907833401.31757,504.7800137814018
583.720703,20803.015578478877,4027549414.5833273,400397456232.04,510.5655791739194
581.878906,20812.911587082373,4066430913.8779855,402001687863.07825,517.6109921891461
580.037109,20838.576862508016,4107451448.678358,404574323810.70624,523.4573604334288
578.193359,20965.592376859808,4151770259.328677,409277960311.13165,524.7879705332813
576.349609,21141.70780116787,4196320601.3083963,414864790625.44275,524.0248976898889
574.505859,21299.961327474095,4235303100.9360538,420255615394.7132,522.8014493265233
572.662109,21455.74922327621,4272446273.7795005,424659665549.08496,523.2343398837307
570.818359,21605.502674482184,4310532358.599853,426860350868.94965,528.3871579519619
568.972656,21730.80853500263,4341368370.970184,427509814777.4387,534.9369319257469
567.128906,21826.142793525283,4362494499.658705,427291303855.6757,540.5701766478536
565.283203,21865.308736760144,4358281018.750248,426278988966.4632,541.9713827586421
563.4375,21815.175312622647,4310941334.289019,424811123791.6276,534.7007559347509
561.589844,21693.329697663903,4238271755.381813,422660893773.044,522.8574509027181
559.744141,21527.773113377665,4151267076.0085773,419668798102.14526,509.4626894749826
557.896484,21289.87031797021,4069935981.3390727,415521796861.94025,498.19816214568175
556.048828,20962.181419247838,4021323037.672729,409895961936.22736,494.2639785678457
554.201172,20581.933050936153,3980904355.349846,403251500092.19995,493.16158058964186
552.351563,20148.646588236614,3930057233.3396635,395583066486.08624,491.5214094121818
550.503906,19764.741034045433,3851538213.237953,388265703277.4153,485.7187438158338
548.654297,19545.040858195684,3718277756.7993274,382802661949.06274,470.4130132827032
546.804688,19366.334903674262,3555840153.4169846,377490256889.86816,450.7146147601165
544.955078,19163.494097600476,3389567261.6496925,371635610152.6697,430.7388008594763
543.103516,18785.224807976123,3227787004.6876683,362594606828.29895,414.2727965009863
541.251953,18030.633644908117,3087755534.8362665,347078725055.32306,406.94917972701023
539.402344,17112.74886673403,2964605066.2056637,328793345350.95483,404.2012468572509
537.548828,16204.688993972608,2848326920.123959,310349467306.9713,402.1784679083362
535.697266,15450.06623374989,2748871455.4118166,295237304652.07513,398.01244988896536
533.845703,15069.138277167805,2673716926.102372,288253036355.27673,387.0390293773567
531.992188,14909.999094990388,2613199168.8141656,285465391370.02216,373.2487251778945
530.138672,14813.126836095777,2560406322.1200275,283621655169.0206,360.125891385731
528.285156,14757.086648635317,2507987139.0178356,280255073917.25793,349.8941873900269
526.431641,14661.479869393872,2445091905.993094,271386934966.92593,346.3255846154885
524.576172,14547.41323099762,2375831622.237926,260189897899.03934,346.1744585705611
522.720703,14459.681958799545,2306966643.9387183,249484591679.92505,346.2859453003319
520.865234,14355.97857972639,2232445479.1414623,240952303442.5349,345.4389733409062
519.009766,14202.226951019833,2147518017.5609426,237426488712.814,341.1827552972992
517.154297,14022.939573396916,2061346481.4495196,236601404588.27805,335.0385540657059
515.296875,13848.365901613119,1980889074.794394,236568033384.58826,328.94303645261533
513.439453,13654.354778335333,1912656104.4445655,235563679384.79617,322.5221690461251
511.582031,13428.335698053621,1866623870.6443534,230985893144.99203,315.98706736458274
509.724609,13216.798380040791,1838072325.2289195,225244766565.8333,309.7698712355794
507.867188,13022.344027256428,1817794379.0850964,219951624418.84885,303.86380842147935
506.007813,12962.135507991445,1815705248.7183459,217649766691.3082,299.20054713588905
504.148438,13169.834457319716,1839682186.4254725,221804914672.32623,296.83738948162414
502.289063,13493.854750135477,1874324066.665518,228762064758.69373,296.04018462904907
500.429688,13833.35362258432,1912826652.9225328,235861464642.16232,296.04112175600375
